Index	First	Last	Team	Position	ESPNRank	FPRank	Upside	Injury Status	Blurb
T GUR RB LAR	Todd	Gurley	LAR	RB	2	1.0	-3.0		Emerged as NFL’s premier 3-down back in first year with Sean McVay.
L BEL RB PIT	Le'Veon	Bell	PIT	RB	1	2.0	-3.0		Averaged 27.5 touches/game last 2 years. Career-high 85 catches in ’17. 
E ELL RB DAL	Ezekiel	Elliott	DAL	RB	4	3.0	-3.0		Elliott has averaged 24.9 touches with 25 TDs through 25 NFL games. 
D JOH RB ARI	David	Johnson	ARI	RB	3	4.0	-3.0		I lean DJ over Zeke in full PPR but take Elliott in non- & 0.5-PPR drafts. 
A BRO WR PIT	Antonio	Brown	PIT	WR	5	5.0	-3.0		150+ targets 5 straight years. Has battled quad injury in training camp. 
D HOP WR HOU	DeAndre	Hopkins	HOU	WR	10	6.0	-3.0		Last year’s overall WR1 with Watson. Also WR1 with Savage/Yates. 
A KAM RB NO	Alvin	Kamara	NO	RB	7	7.0	-1.0		Last year’s RB4 on only 7.5 carries/game. Workload set to spike in year 2. 
S BAR RB NYG	Saquon	Barkley	NYG	RB	6	8.0	-3.0	Day to day	Cross between David Johnson-LeSean McCoy. Should rarely leave field. 
O BEC WR NYG	Odell	Beckham	NYG	WR	9	9.0	-3.0		Has finished WR5 or better in fantasy points/game in 4-of-4 seasons. 
M GOR RB LAC	Melvin	Gordon	LAC	RB	14	10.0	-2.0		Passing-game usage has risen every year. Now has best OL of career. 
J JON WR ATL	Julio	Jones	ATL	WR	8	11.0	-3.0		1,400+ receiving yards 4 straight years. Should experience +TD regression.
L FOU RB JAC	Leonard	Fournette	JAC	RB	12	12.0	-3.0		Has shed 17 lbs since rookie offseason. Drew 381 touches in year 1.
K HUN RB KC	Kareem	Hunt	KC	RB	11	13.0	-3.0		Led NFL in rushing yards, yards after contact & broken tackles as rookie. 
M THO WR NO	Michael	Thomas	NO	WR	16	14.0	-4.0		Plus-sized technician has room for big TD growth after 5-score ’17. 
D COO RB MIN	Dalvin	Cook	MIN	RB	13	15.0	-1.0		Back from ACL tear. OL concerns. May lose GL work to Latavius Murray. 
K ALL WR LAC	Keenan	Allen	LAC	WR	15	16.0	-3.0		Should dominate Chargers RZ looks with Hunter Henry out of picture. 
A GRE WR CIN	A.J.	Green	CIN	WR	18	17.0	-4.0		Turned 30 in July. Top-12 fantasy WR in points/game in 7-of-7 seasons. 
D ADA WR GB	Davante	Adams	GB	WR	21	18.0	-3.0		Leads NFL in receiving TDs (22) and RZ targets (46) last two seasons. 
D FRE RB ATL	Devonta	Freeman	ATL	RB	17	19.0	-3.0		High-floor, job-secure lead RB in Falcons offense likely to rebound.
R GRO TE NE	Rob	Gronkowski	NE	TE	20	20.0	-4.0		Monster TD & volume upside without Cooks & Edelman Weeks 1-4. 
M EVA WR TB	Mike	Evans	TB	WR	22	21.0	-3.0		Went 5/92/0, 6/78/0, 3/95/1 in 3 games with Ryan Fitzpatrick last year.
C MCC RB CAR	Christian	McCaffrey	CAR	RB	19	22.0	-2.0		Swept 1st-team snaps & executed GL carry in preseason opener. 
J HOW RB CHI	Jordan	Howard	CHI	RB	36	23.0	-3.0		Pass-game limitations but big TD upside in likely-improved offense.
T HIL WR IND	T.Y.	Hilton	IND	WR	24	24.0	-3.0		Led NFL in receiving yards in ’16. Keeps rising as Luck proves his health. 
J MIX RB CIN	Joe	Mixon	CIN	RB	38	25.0	-4.0		After sluggish rookie campaign, has dropped 20 lbs since 2017 spring. 
J MCK RB SF	Jerick	McKinnon	SF	RB	37	26.0	-3.0	Questionable for Week 1	Sidelined by calf strain. Alfred Morris is legitimate threat for carries. 
D BAL WR SEA	Doug	Baldwin	SEA	WR	32	27.0	-4.0	Ready for Week 1	WR9 pre-knee injury. Drafting already-injured players always scary. 
A THI WR MIN	Adam	Thielen	MIN	WR	25	28.0	-4.0		Elite route runner has major room for TD growth after 4-score 2017. 
S DIG WR MIN	Stefon	Diggs	MIN	WR	26	29.0	-3.0		High-end WR1 whenever not battling groin injuries last two seasons. 
T HIL WR KC	Tyreek	Hill	KC	WR	27	30.0	-2.0		Each of TyFreak’s last 13 touchdowns have come from 30+ yards out. 
L MCC RB BUF	LeSean	McCoy	BUF	RB	23	31.0	3.0	Status uncertain	Off-field concerns have quieted lately. Still projects for huge volume. 
A COL RB BAL	Alex	Collins	BAL	RB	45	32.0	-3.0		Avg’d 19.2 touches/game from Week 8 on. Gets both starting OGs back. 
T KEL TE KC	Travis	Kelce	KC	TE	29	33.0	2.0		Kelce’s targets per game have risen 4 straight years (5.4 > 6.4 > 7.3 > 8.1). 
A COO WR OAK	Amari	Cooper	OAK	WR	33	34.0	-1.0		Gruden says “main vein” of pass game, comp’d to Sterling Sharpe.
A ROB WR CHI	Allen	Robinson	CHI	WR	31	35.0	-3.0		Fade at ADP. Off ACL, changing teams, hasn’t played well since 2015.
J AJA RB PHI	Jay	Ajayi	PHI	RB	46	36.0	4.0		Avg’d 15.7 touches over final 6 games. Eagles missing 190 carries from ‘17.
L FIT WR ARI	Larry	Fitzgerald	ARI	WR	28	37.0	-3.0		100+ catches 3 straight years. Has minimal competition for targets. 
D HEN RB TEN	Derrick	Henry	TEN	RB	44	38.0	-2.0		Monster touchdown upside vs. soft schedule with improved coaching. 
Z ERT TE PHI	Zach	Ertz	PHI	TE	30	39.0	-1.0		Including playoffs, went 92/1,016/9 in 17 gms. Alshon absence would help.
A ROD QB GB	Aaron	Rodgers	GB	QB	56	40.0	64.0		40 TDs last 16 games. 
M JON WR DET	Marvin	Jones	DET	WR	35	41.0	-0.0		Led NFL in yds/catch (18.0) in ‘17. Eric Ebron’s exit frees up 86 targets.
K DRA RB MIA	Kenyan	Drake	MIA	RB	43	42.0	5.0		Expected to share time with Frank Gore despite white-hot 2017 finish. 
J SMI WR PIT	JuJu	Smith-Schuster	PIT	WR	52	43.0	-3.0		Safe WR2 with league-winner upside following Martavis ouster.
D THO WR DEN	Demaryius	Thomas	DEN	WR	39	44.0	-0.0		Coming off 6-year lows in catch rate, yds/catch. 31 in December.
G TAT WR DET	Golden	Tate	DET	WR	42	45.0	-4.0		Elite tackle breaker has 90+ catches 4 straight seasons. Contract year.
L MIL RB HOU	Lamar	Miller	HOU	RB	50	46.0	-3.0		1,200+ total yards 4 straight years. D’Onta Foreman headed for PUP. 
A JEF WR PHI	Alshon	Jeffery	PHI	WR	40	47.0	1.0	Questionable for Week 1	Long recovery from rotator cuff surgery has Week 1 status in doubt. 
B COO WR LAR	Brandin	Cooks	LAR	WR	41	48.0	-1.0		Volume likely to take hit in L.A. but should still mix in spiked weeks. 
J GOR WR CLE	Josh	Gordon	CLE	WR	34	49.0	-1.0		Classic boom-bust pick. Browns seem confident Gordon will play in ’18.
R FRE RB DEN	Royce	Freeman	DEN	RB	47	50.0	14.0		DEN likely lead RB will lose passing-down snaps to Devontae Booker.
J LAN WR CLE	Jarvis	Landry	CLE	WR	51	51.0	-2.0		Set to vacuum targets again as Browns WRs around him drop like flies. 
M ING RB NO	Mark	Ingram	NO	RB	58	52.0	4.0	Return Week 5	Suspended Weeks 1-4 (PEDs). Role all but certain to lessen upon return.
C HOG WR NE	Chris	Hogan	NE	WR	53	53.0	1.0		Last year’s WR10 in first 8 games. Will open year as Brady’s No. 1 WR. 
R WIL QB SEA	Russell	Wilson	SEA	QB	68	54.0	-0.0		‘17 was the year to buy Russ. OC, weapons, OL & regression concerns. 
D LEW RB TEN	Dion	Lewis	TEN	RB	55	55.0	2.0		Adds versatility to Titans backfield but lacks Derrick Henry scoring upside.
T BRA QB NE	Tom	Brady	NE	QB	57	56.0	-1.0		Has thrown multiple TDs and/or 300+ yards in 30 of last 36 games (83%).
M LYN RB OAK	Marshawn	Lynch	OAK	RB	49	57.0	2.0		Avg’d 4.69 yards/carry & 99.7 total yards/game over final 7 weeks. 
T COL RB ATL	Tevin	Coleman	ATL	RB	86	58.0	-4.0		Avg’d 10.7 touches/game with ATL backfield at full strength in ’17.
C NEW QB CAR	Cam	Newton	CAR	QB	66	59.0	0.0		Top-5 fantasy QB in 5-of-7 seasons. Multiple O-Line losses are concern. 
R BUR RB NE	Rex	Burkhead	NE	RB	60	60.0	4.0		Favorite to lead Patriots in touches with Sony Michel (knee) on shelf. 
C DAV WR TEN	Corey	Davis	TEN	WR	62	61.0	1.0		Brandon Marshall-level prospect out of college. Durability big concern.
G OLS TE CAR	Greg	Olsen	CAR	TE	77	62.0	-3.0		33yo played 16 games in 9 straight seasons before last year’s foot fracture.
S WAT WR KC	Sammy	Watkins	KC	WR	63	63.0	4.0		Won’t decoy in KC. 
D WAT QB HOU	Deshaun	Watson	HOU	QB	69	64.0	-3.0		Flashed outrageous ceiling, outscoring all QBs by 6 PPG in Wks 2-8.
R AND WR NYJ	Robby	Anderson	NYJ	WR	70	65.0	3.0		Was No. 12 in NFL in Air Yards. Sam Darnold looking like real deal.
J GRA TE GB	Jimmy	Graham	GB	TE	84	66.0	1.0		Has 10+ TD upside. 
M CRA WR BAL	Michael	Crabtree	BAL	WR	71	67.0	1.0		Outplayed by John Brown in camp. Still Baltimore’s best RZ threat.
E SAN WR DEN	Emmanuel	Sanders	DEN	WR	54	68.0	-1.0		Value-pick WR3. 
S MIC RB NE	Sony	Michel	NE	RB	96	69.0	1.0	Week to Week	Knee “procedure” puts Michel behind in battle for early-season snaps. 
R PEN RB SEA	Rashaad	Penny	SEA	RB	85	70.0	8.0	Questionable for Week 1	Getting outplayed by Chris Carson. Now dealing with injured hand. 
D BRE QB NO	Drew	Brees	NO	QB	128	71.0	-3.0		Led NFL in YPA (8.1). Attempts likely to rebound vs. tougher schedule. 
R WOO WR LAR	Robert	Woods	LAR	WR	65	72.0	-4.0		Avg’d career-high 65.1 yards per game in first year with Sean McVay. 
D WAL TE TEN	Delanie	Walker	TEN	TE	78	73.0	-2.0	Status uncertain	800+ yards 4 straight years. Massive positive-TD regression candidate.
E ENG TE NYG	Evan	Engram	NYG	TE	79	74.0	-4.0		Healthy returns of OBJ & Shepard + Barkley addition threaten volume.
M GOO WR SF	Marquise	Goodwin	SF	WR	72	75.0	7.0		Stark splits with/without Garcon but formed Jimmy G rapport.
I CRO RB NYJ	Isaiah	Crowell	NYJ	RB	59	76.0	-3.0		Played behind Bilal Powell in preseason opener, left with concussion. 
C KUP WR LAR	Cooper	Kupp	LAR	WR	73	77.0	-2.0		Led Rams in targets, RZ targets, yards/catch, receiving yards as rookie. 
D FUN WR CAR	Devin	Funchess	CAR	WR	64	78.0	2.0		Will face far more target competition after volume-driven breakout.
K JOH RB DET	Kerryon	Johnson	DET	RB	83	79.0	8.0		Lions likely lead runner shined in 3-down role in preseason opener. 
R COB WR GB	Randall	Cobb	GB	WR	75	80.0	0.0		Avg’d 6 catches/game with Rodgers. No. 2 among WRs in separation. 
P GAR WR SF	Pierre	Garcon	SF	WR	88	81.0	-2.0		Was on 144-target pace before 2017 neck injury. Turns 32 this month.
C WEN QB PHI	Carson	Wentz	PHI	QB	67	82.0	1.0	Questionable for Week 1	Regression candidate after league-high 7.5% TD rate, ACL & LCL tears. 
J WIL RB GB	Jamaal	Williams	GB	RB	87	83.0	4.0		Packers lead back. 
K RUD TE MIN	Kyle	Rudolph	MIN	TE	99	84.0	-3.0		15 TDs last 2 years. Kirk Cousins has targeted TEs near league-high rate. 
W FUL WR HOU	Will	Fuller	HOU	WR	74	85.0	-4.0		Runs 4.32. Watson attempted NFL-high 20% of passes 20+ yds downfield.
A LUC QB IND	Andrew	Luck	IND	QB	117	86.0	3.0		Missed ‘17 with throwing-shoulder tear. Rising as he shows health. 
K STI WR MIA	Kenny	Stills	MIA	WR	81	87.0	1.0	Status uncertain	Career-high 105 targets in ’17. Fins missing 290 targets from last year. 
K COU QB MIN	Kirk	Cousins	MIN	QB	119	88.0	-3.0		Top-8 fantasy QB1 in 3 straight years. Best weapons of career in MIN. 
C HYD RB CLE	Carlos	Hyde	CLE	RB	95	89.0	-1.0		Won’t be a true bellcow, but lead-back job seems safe over Nick Chubb. 
M STA QB DET	Matthew	Stafford	DET	QB	127	90.0	-3.0		Top 11 in pass volume 9 of last 9 years. Best 3-WR set of career.
J CRO WR WAS	Jamison	Crowder	WAS	WR	93	91.0	2.0		Slot WR in crowded pass-catcher corps. High-floor but low ceiling. 
M MAC RB IND	Marlon	Mack	IND	RB	97	92.0	13.0	Week 1	Role was shaky even before suffering multi-week hamstring strain.
R JON RB TB	Ronald	Jones	TB	RB	48	93.0	14.0		Played 1 first-team snap in preseason opener. Peyton Barber played 13.
N AGH WR PHI	Nelson	Agholor	PHI	WR	105	94.0	-4.0	Week to week	Broke out with move to the slot, running 86% of 2017 routes inside. 
C THO RB WAS	Chris	Thompson	WAS	RB	94	95.0	11.0		Derrius Guice ACL should make Skins pass-first team featuring CT. 
K BEN WR BUF	Kelvin	Benjamin	BUF	WR	76	96.0	-4.0		Volume-based WR4/flex has minimal target competition in BUF.
S SHE WR NYG	Sterling	Shepard	NYG	WR	91	97.0	-4.0		Will battle Engram & Barkley for targets behind OBJ. Low ceiling. 
B ROE QB PIT	Ben	Roethlisberger	PIT	QB	118	98.0	-2.0		26 TDs, 7 INTs, 319-yard average over final 10 starts last season.
J REE TE WAS	Jordan	Reed	WAS	TE	90	99.0	-3.0		Outlook very straightforward: Difference maker when healthy. Rarely is.
T COH RB CHI	Tarik	Cohen	CHI	RB	108	100.0	-2.0		Niche RB/WR with big-play ability likely to struggle for consistent usage. 
P RIV QB LAC	Philip	Rivers	LAC	QB	137	101.0	-4.0		Steady low-end QB1 lost TD upside when Hunter Henry tore his ACL. 
J NEL WR OAK	Jordy	Nelson	OAK	WR	92	102.0	5.0		Easily Raiders best RZ receiver. One of my favorite 10th-round picks. 
J EDE WR NE	Julian	Edelman	NE	WR	89	103.0	9.0	Return Week 5	Suspended Wks 1-4. 
T BUR TE CHI	Trey	Burton	CHI	TE	110	104.0	-1.0		Slot TE fits with Trubisky, who is most efficient attacking middle of field. 
D PAR WR MIA	DeVante	Parker	MIA	WR	103	105.0	-1.0	Questionable for Week 1	Rough camp even before broken finger. Questionable for Week 1.
D JOH RB CLE	Duke	Johnson	CLE	RB	80	106.0	2.0		Has averaged 7.9 & 9.8 touches/game in 2 years with Hue Jackson. 
C AND RB CAR	C.J.	Anderson	CAR	RB	98	107.0	5.0		
A HUR WR DAL	Allen	Hurns	DAL	WR	104	108.0	3.0	Day to Day	
J GAR QB SF	Jimmy	Garoppolo	SF	QB	138	109.0	-6.0		Was overall QB6 w/ depleted pass-catcher corps in five ‘17 starts.
M LEE WR JAC	Marqise	Lee	JAC	WR	101	110.0	5.0		6.7 targets/game last 2 years. High-floor, low-ceiling WR4/flex pick. 
P MAH QB KC	Patrick	Mahomes	KC	QB	135	111.0	-5.0		Handed keys to high-powered offense on probable shootout team. 
R MAT WR TEN	Rishard	Matthews	TEN	WR	106	112.0	1.0	Status uncertain	Mysterious “undisclosed” injury has shelved him since spring. 
K GOL WR DET	Kenny	Golladay	DET	WR	102	113.0	-0.0		6-of-28 rookie catches gained 30+ yards. Will play much bigger role. 
C CAR RB SEA	Chris	Carson	SEA	RB	61	114.0	9.0		Penciled in as Seahawks lead back over first-round pick Rashaad Penny. 
D BOO RB DEN	Devontae	Booker	DEN	RB	147	115.0	2.0		Broncos favorite for passing-down RB work behind Royce Freeman.
M RYA QB ATL	Matt	Ryan	ATL	QB	134	116.0	-4.0		2016 MVP coming off down ’17. One of my favorite bounce-back QBs. 
D NJO TE CLE	David	Njoku	CLE	TE	111	117.0	-4.0		Had Kelce-like skill set coming out of The U. 2 TDs in preseason opener.
P BAR RB TB	Peyton	Barber	TB	RB	167	118.0	2.0		Non-sexy early-down/goal-line RB remains ahead of Ronald Jones.
A SMI QB WAS	Alex	Smith	WAS	QB	139	119.0	-7.0		
J DOY TE IND	Jack	Doyle	IND	TE	120	120.0	7.0		Coming off 80-catch season. Andrew Luck’s return enhances his upside. 
J GOF QB LAR	Jared	Goff	LAR	QB	163	121.0	-6.0		5.9% TD rate likely to regress in balanced to run-first Rams offense. 
M MAR QB TEN	Marcus	Mariota	TEN	QB	140	122.0	-6.0		Buy-low QB coming off injury-plagued year w/ improved coaching. 
B POW RB NYJ	Bilal	Powell	NYJ	RB	195	123.0	6.0		Powell is headed for big role again after Elijah McGuire’s fractured foot.
T LOC WR SEA	Tyler	Lockett	SEA	WR	115	124.0	-4.0	Status uncertain	Seattle missing sixth-most targets in NFL & Doug Baldwin already hurt.
D MOO WR CAR	D.J.	Moore	CAR	WR	124	125.0	-1.0		First WR drafted reminded of Golden Tate/Pierre Garcon at Maryland. 
J DOC WR WAS	Josh	Doctson	WAS	WR	82	126.0	-6.0	Day to day	
N CHU RB CLE	Nick	Chubb	CLE	RB	107	127.0	6.0		Rookie likely needs Carlos Hyde injury to become fantasy relevant. 
D JAC WR TB	DeSean	Jackson	TB	WR	123	128.0	4.0		
G BER RB CIN	Giovani	Bernard	CIN	RB	113	129.0	-3.0		Avg’d 101.4 total yds/game last Weeks 13-17. Pushing Joe Mixon.
G KIT TE SF	George	Kittle	SF	TE	157	130.0	-4.0	Questionable for Week 1	Niners expect him back for Week 1 after suffering separated shoulder.
T MON RB GB	Ty	Montgomery	GB	RB	100	131.0	6.0		On track to open year as Packers No. 2 RB behind Jamaal Williams.
J WHI RB NE	James	White	NE	RB	114	132.0	-4.0		Sony Michel knee procedure raises White’s early-season flex appeal.
D PRE QB DAL	Dak	Prescott	DAL	QB	162	133.0	-6.0		
T EIF TE CIN	Tyler	Eifert	CIN	TE	136	134.0	0.0		
T WIL WR LAC	Tyrell	Williams	LAC	WR	228	135.0	9.0		
O HOW TE TB	O.J.	Howard	TB	TE	210	136.0	-1.0		Went 21/325/5 over final 27 targets of ’17. Monster ceiling at TE2 cost.
C CLE RB PHI	Corey	Clement	PHI	RB	155	137.0	5.0	Status uncertain	Versatile Super Bowl star is Jay Ajayi injury away from RB1/2 upside. 
L MUR RB MIN	Latavius	Murray	MIN	RB	148	138.0	6.0		Likely to keep significant role with Dalvin Cook coming off torn ACL.
P RIC WR WAS	Paul	Richardson	WAS	WR	122	139.0	-1.0		
D BRY WR FA	Dez	Bryant	FA	WR	132	140.0	18.0		
A MIL WR CHI	Anthony	Miller	CHI	WR	142	141.0	-6.0		Rookie slot WR ripping up camp. Sleeper to lead Bears in targets.
J COO TE OAK	Jared	Cook	OAK	TE	211	142.0	-4.0		Field-stretching tight end caught career-high 54 passes last season. 
M SAN WR ATL	Mohamed	Sanu	ATL	WR	116	143.0	2.0		High-efficiency slot WR needs Julio Jones injury to hit WR3 value.
C MER WR NO	Cameron	Meredith	NO	WR	121	144.0	2.0		Recent missed practices concerning coming off ACL/MCL tears.
M BRE RB SF	Matt	Breida	SF	RB	154	145.0	-5.0	Questionable for Week 1	49ers projected No. 2 back done for August with separated shoulder.
A JON RB GB	Aaron	Jones	GB	RB	161	146.0	16.0	Week 3	Packers most explosive RB can’t shake injuries. Sidelined by hamstring. 
J BRO WR BAL	John	Brown	BAL	WR	141	147.0	4.0		Outplaying Crabtree in camp. Can smash ADP with good injury luck. 
C CLA TE BUF	Charles	Clay	BUF	TE	133	148.0	-4.0		Has never reached 560 yards or topped 4 TDs in three years with Bills. 
M WIL WR LAC	Mike	Williams	LAC	WR	146	149.0	7.0		
B BOR QB JAC	Blake	Bortles	JAC	QB	267	150.0	-7.0		
C BRA TE TB	Cameron	Brate	TB	TE	196	151.0	-5.0		
M GAL WR DAL	Michael	Gallup	DAL	WR	125	152.0	-3.0		
T RID RB DET	Theo	Riddick	DET	RB	149	153.0	-2.0		
T GIN WR NO	Ted	Ginn	NO	WR	216	154.0	2.0		Increasing concern Ginn could lose snaps to rookie Tre’Quan Smith. 
C RID WR ATL	Calvin	Ridley	ATL	WR	129	155.0	-1.0		
F GOR RB MIA	Frank	Gore	MIA	RB	206	156.0	-4.0		Slated to be 1b to Kenyan Drake’s 1a in Dolphins backfield committee. 
E EBR TE IND	Eric	Ebron	IND	TE	246	157.0	-6.0		
DEF JAC			JAC	DEF	156	158.0			
M TRU QB CHI	Mitchell	Trubisky	CHI	QB	212	159.0	-6.0		
L BLO RB DET	LeGarrette	Blount	DET	RB	193	160.0	8.0		
M BRY WR OAK	Martavis	Bryant	OAK	WR	215	161.0	-3.0		
C GOD WR TB	Chris	Godwin	TB	WR	126	162.0	3.0		
D CAR QB OAK	Derek	Carr	OAK	QB	244	163.0	-7.0		
DEF MIN			MIN	DEF	172	164.0			
E MAN QB NYG	Eli	Manning	NYG	QB	243	165.0	-4.0		
D MAR RB OAK	Doug	Martin	OAK	RB	153	166.0	-0.0		
D FOR RB HOU	D'Onta	Foreman	HOU	RB	202	167.0	11.0	Questionable for training camp	
A DAL QB CIN	Andy	Dalton	CIN	QB	219	168.0	-4.0		
R KEL RB WAS	Rob	Kelley	WAS	RB	151	169.0	17.0		Plodding back is favorite for Skins early-down work after Guice ACL tear.
A EKE RB LAC	Austin	Ekeler	LAC	RB	204	170.0	0.0		Explosive change-of-pace back should offer some standalone value. 
M WAL WR PHI	Mike	Wallace	PHI	WR	158	171.0	-1.0		
J ROS WR CIN	John	Ross	CIN	WR	130	172.0	10.0		Brandon LaFell release gives Ross some hope of sophomore breakout.
N HIN RB IND	Nyheim	Hines	IND	RB	150	173.0	-3.0		
K COL WR JAC	Keelan	Cole	JAC	WR	160	174.0	6.0		
DEF PHI			PHI	DEF	170	175.0			
Q ENU WR NYJ	Quincy	Enunwa	NYJ	WR	169	176.0	8.0		Sneaky high-volume upside opposite deep threat Robby Anderson.
DEF HOU			HOU	DEF	174	177.0			
J WIL RB IND	Jordan	Wilkins	IND	RB	109	178.0	-3.0		Marlon Mack hurt. Robert Turbin banned. Nyheim Hines struggling.
D MON WR JAC	Donte	Moncrief	JAC	WR	145	179.0	4.0		
C KEE QB DEN	Case	Keenum	DEN	QB	266	180.0	-6.0		
B WAT TE NO	Benjamin	Watson	NO	TE	197	181.0	-6.0		
D WES WR JAC	Dede	Westbrook	JAC	WR	295	182.0	-3.0		
R GRA WR IND	Ryan	Grant	IND	WR	159	183.0	7.0		Reliable possession WR shaping up as Colts No. 2 opposite T.Y. Hilton. 
DEF LAR			LAR	DEF	171	184.0			
A HOO TE ATL	Austin	Hooper	ATL	TE	198	185.0	-7.0		
DEF DEN			DEN	DEF	180	186.0			
C KIR WR ARI	Christian	Kirk	ARI	WR	213	187.0	-1.0		
C IVO RB BUF	Chris	Ivory	BUF	RB	203	188.0	-3.0		
R SEA TE ARI	Ricky	Seals-Jones	ARI	TE	248	189.0	-1.0		
K DIX RB BAL	Kenneth	Dixon	BAL	RB	199	190.0	8.0		
A SEF TE JAC	Austin	Seferian-Jenkins	JAC	TE	164	191.0	-6.0		
DEF LAC			LAC	DEF	179	193.0			
J KEA WR NYJ	Jermaine	Kearse	NYJ	WR	234	194.0	-2.0		
DEF BAL			BAL	DEF	173	195.0			
DEF SEA			SEA	DEF	300	196.0			
S GOS K NE	Stephen	Gostkowski	NE	K	176	197.0			
A WIL WR MIA	Albert	Wilson	MIA	WR	225	198.0	-5.0		
D AME WR MIA	Danny	Amendola	MIA	WR	131	199.0	3.0		
T YEL RB JAC	T.J.	Yeldon	JAC	RB	236	200.0	-6.0		
J ALL RB BAL	Javorius	Allen	BAL	RB	194	201.0	-3.0		
S PER RB WAS	Samaje	Perine	WAS	RB	152	202.0	9.0	Week to week	
C SUT WR DEN	Courtland	Sutton	DEN	WR	144	203.0	2.0		
G ALL WR GB	Geronimo	Allison	GB	WR	251	204.0	-7.0		
J WIN QB TB	Jameis	Winston	TB	QB	245	205.0	0.0	Return Week 4	
T TAY WR TEN	Taywan	Taylor	TEN	WR	218	206.0	1.0		Star of Titans camp. Exciting flyer in otherwise injured WR corps.
V MCD TE PIT	Vance	McDonald	PIT	TE	166	207.0	-9.0	Week to week	Drew 16 targets in playoff loss. Role to grow post-Martavis Bryant.
T WIL WR DAL	Terrance	Williams	DAL	WR	226	208.0	-3.0		Plus-sized RAC beast should get more usage post-Hunter Henry. 
DEF NE			NE	DEF	178	209.0			
R TAN QB MIA	Ryan	Tannehill	MIA	QB	220	211.0	-8.0		
J TUC K BAL	Justin	Tucker	BAL	K	177	212.0			
T TAY QB CLE	Tyrod	Taylor	CLE	QB	168	213.0	16.0		
G ZUE K LAR	Greg	Zuerlein	LAR	K	175	214.0			
M BRY K ATL	Matt	Bryant	ATL	K	184	215.0			
S WAR RB KC	Spencer	Ware	KC	RB	205	216.0	3.0		
M GES TE MIA	Mike	Gesicki	MIA	TE	247	217.0	-3.0		
DEF KC			KC	DEF	299	218.0			
T BEN WR LAC	Travis	Benjamin	LAC	WR	230	219.0	-7.0		
J WAS WR PIT	James	Washington	PIT	WR	143	220.0	-6.0		
DEF CAR			CAR	DEF	183	221.0			
DEF NO			NO	DEF	181	222.0			
J STE RB NYG	Jonathan	Stewart	NYG	RB	208	224.0	-7.0		
H HUR TE BAL	Hayden	Hurst	BAL	TE	257	225.0	-9.0		
D SPR RB PHI	Darren	Sproles	PHI	RB	200	226.0	-6.0		
D BAI K DAL	Dan	Bailey	DAL	K	223	228.0			
B MAR WR SEA	Brandon	Marshall	SEA	WR	229	230.0	10.0		
W LUT K NO	Wil	Lutz	NO	K	185	231.0			
T PRY WR NYJ	Terrelle	Pryor	NYJ	WR	231	233.0	-3.0		
C BEA WR DAL	Cole	Beasley	DAL	WR	214	234.0	-3.0		
M PRA K DET	Matt	Prater	DET	K	189	235.0			
DEF ARI			ARI	DEF	222	236.0			
DEF CHI			CHI	DEF	286	237.0			
S BRA QB ARI	Sam	Bradford	ARI	QB	270	239.0	-3.0		
W SNE WR BAL	Willie	Snead	BAL	WR	227	240.0	-2.0		
Z JON WR BUF	Zay	Jones	BUF	WR	262	241.0	-7.0		
J ELL K PHI	Jake	Elliott	PHI	K	188	242.0			
K BAL RB MIA	Kalen	Ballage	MIA	RB	277	243.0	2.0	Day to day	
J HIL RB NE	Jeremy	Hill	NE	RB	112	245.0	4.0		
J FLA QB BAL	Joe	Flacco	BAL	QB	268	246.0	-9.0		
DEF ATL			ATL	DEF	253	247.0			
J BUT TE DEN	Jake	Butt	DEN	TE	289	248.0	-5.0		
C PRO RB SEA	C.J.	Prosise	SEA	RB	240	249.0	3.0		
J KEL RB LAR	John	Kelly	LAR	RB	237	250.0	13.0		
E DEC WR NE	Eric	Decker	NE	WR	165				
DEF TEN			TEN	DEF	182				
C BOS K PIT	Chris	Boswell	PIT	K	186				
R GOU K SF	Robbie	Gould	SF	K	187				
H BUT K KC	Harrison	Butker	KC	K	190				
A VIN K IND	Adam	Vinatieri	IND	K	191				
G GAN K CAR	Graham	Gano	CAR	K	192				
C EDM RB ARI	Chase	Edmonds	ARI	RB	201				
E MCG RB NYJ	Elijah	McGuire	NYJ	RB	207			Out Indefinitely	
J CON RB PIT	James	Conner	PIT	RB	209				
T BOY WR CIN	Tyler	Boyd	CIN	WR	217				
DEF WAS			WAS	DEF	221				
R SUC K TEN	Ryan	Succop	TEN	K	224				
A CAL WR CLE	Antonio	Callaway	CLE	WR	232			Status uncertain	
C COL WR BUF	Corey	Coleman	BUF	WR	233				
R SMI RB DAL	Rod	Smith	DAL	RB	235				
C GRA RB JAC	Corey	Grant	JAC	RB	238				
A BLU RB HOU	Alfred	Blue	HOU	RB	239				
M WAL RB CIN	Mark	Walton	CIN	RB	241				
T AUS RB DAL	Tavon	Austin	DAL	RB	242				
A GAT TE FA	Antonio	Gates	FA	TE	249				
W GAL RB NYG	Wayne	Gallman	NYG	RB	250				
J MOO WR GB	J'Mon	Moore	GB	WR	252				
DEF DAL			DAL	DEF	254				
D CAR K MIN	Daniel	Carlson	MIN	K	255				
M CRO K GB	Mason	Crosby	GB	K	256				
R GRI TE HOU	Ryan	Griffin	HOU	TE	258				
V GRE TE LAC	Virgil	Green	LAC	TE	259				
M VAL WR GB	Marquez	Valdes-Scantling	GB	WR	260				
E ST. WR GB	Equanimeous	St.	GB	WR	261				
A HUM WR TB	Adam	Humphries	TB	WR	263				
J WIL RB SF	Joe	Williams	SF	RB	264			Out indefinitely	
C SIM RB TB	Charles	Sims	TB	RB	265			Week 1	
S DAR QB NYJ	Sam	Darnold	NYJ	QB	269				
K COU WR HOU	Keke	Coutee	HOU	WR	271				
D CHA WR JAC	D.J.	Chark	JAC	WR	272				
R SWI WR OAK	Ryan	Switzer	OAK	WR	273				
D HAM WR DEN	DaeSean	Hamilton	DEN	WR	274				
T SMI WR NO	Tre'Quan	Smith	NO	WR	275				
D HEN RB DEN	De'Angelo	Henderson	DEN	RB	276				
T WES RB NO	Terrance	West	NO	RB	278				
B SCO RB NO	Boston	Scott	NO	RB	279				
J SAM RB PIT	Jaylen	Samuels	PIT	RB	280				
D WIL RB KC	Damien	Williams	KC	RB	281				
T LOG RB ARI	T.J.	Logan	ARI	RB	282				
J JAC RB LAC	Justin	Jackson	LAC	RB	283				
C SAM WR CAR	Curtis	Samuel	CAR	WR	284				
DEF GB			GB	DEF	285				
J LAM K JAC	Josh	Lambo	JAC	K	287				
D HOP K WAS	Dustin	Hopkins	WAS	K	288				
V DAV TE WAS	Vernon	Davis	WAS	TE	290				
T KRO TE CIN	Tyler	Kroft	CIN	TE	291				
B JAR TE DAL	Blake	Jarwin	DAL	TE	292				
G EVE TE LAR	Gerald	Everett	LAR	TE	293				
T GAB WR CHI	Taylor	Gabriel	CHI	WR	294			Day to day	
A MCC QB BUF	AJ	McCarron	BUF	QB	296			Status uncertain	
DEF CIN			CIN	DEF	297				
DEF DET			DET	DEF	298				
